{"cameraMode":{"drawMode":0,"name":"Shaded","section":"Shading Mode"},"sceneLighting":false,"audioPlay":false,"sceneViewState":{"showFog":true,"showMaterialUpdate":false,"showSkybox":false,"showFlares":true,"showImageEffects":true,"showParticleSystems":true},"in2DMode":false,"pivot":{"x":136.41253662109376,"y":4.856136322021484,"z":-48.074676513671878},"rotation":{"x":0.18257461488246919,"y":-0.8128607273101807,"z":0.34041765332221987,"w":0.43595319986343386},"size":22.0,"orthographic":false}