{"cameraMode":{"drawMode":0,"name":"Shaded","section":"Shading Mode"},"sceneLighting":false,"audioPlay":false,"sceneViewState":{"showFog":true,"showMaterialUpdate":false,"showSkybox":true,"showFlares":true,"showImageEffects":true,"showParticleSystems":true},"in2DMode":false,"pivot":{"x":-0.03020121157169342,"y":-0.28634777665138247,"z":-0.8071177005767822},"rotation":{"x":-0.34426748752593996,"y":-0.09608368575572968,"z":0.03544413670897484,"w":-0.9332693219184876},"size":34.98646926879883,"orthographic":false}