{"cameraMode":{"drawMode":0,"name":"Shaded","section":"Shading Mode"},"sceneLighting":true,"audioPlay":false,"sceneViewState":{"showFog":true,"showMaterialUpdate":false,"showSkybox":true,"showFlares":true,"showImageEffects":true,"showParticleSystems":true},"in2DMode":false,"pivot":{"x":-3.9828267097473146,"y":0.0833333283662796,"z":-225.0607147216797},"rotation":{"x":-0.39725831151008608,"y":0.5576735734939575,"z":-0.3450483977794647,"w":-0.641998827457428},"size":800.43212890625,"orthographic":false}