{"cameraMode":{"drawMode":0,"name":"Shaded","section":"Shading Mode"},"sceneLighting":false,"audioPlay":false,"sceneViewState":{"showFog":true,"showMaterialUpdate":false,"showSkybox":true,"showFlares":true,"showImageEffects":true,"showParticleSystems":true},"in2DMode":false,"pivot":{"x":3.2326488494873049,"y":-1.3805888891220093,"z":-1.1279757022857667},"rotation":{"x":-0.6543990969657898,"y":0.0040892609395086769,"z":-0.0035376548767089845,"w":-0.7561348676681519},"size":12.717018127441407,"orthographic":false}