{"cameraMode":{"drawMode":0,"name":"Shaded","section":"Shading Mode"},"sceneLighting":true,"audioPlay":false,"sceneViewState":{"showFog":true,"showMaterialUpdate":false,"showSkybox":true,"showFlares":true,"showImageEffects":true,"showParticleSystems":true},"in2DMode":false,"pivot":{"x":58.460079193115237,"y":3.6526951789855959,"z":-145.1165313720703},"rotation":{"x":-0.4448222517967224,"y":-0.10013226419687271,"z":0.05006103962659836,"w":-0.8886251449584961},"size":414.9005126953125,"orthographic":false}