{"cameraMode":{"drawMode":0,"name":"Shaded","section":"Shading Mode"},"sceneLighting":false,"audioPlay":false,"sceneViewState":{"showFog":true,"showMaterialUpdate":false,"showSkybox":true,"showFlares":true,"showImageEffects":true,"showParticleSystems":true},"in2DMode":false,"pivot":{"x":-0.03020121157169342,"y":-0.28634777665138247,"z":-0.8071177005767822},"rotation":{"x":-0.26143181324005129,"y":-0.3106071949005127,"z":0.08928245306015015,"w":-0.9095082879066467},"size":49.352481842041019,"orthographic":false}