{"cameraMode":{"drawMode":0,"name":"Shaded","section":"Shading Mode"},"sceneLighting":false,"audioPlay":false,"sceneViewState":{"showFog":true,"showMaterialUpdate":false,"showSkybox":false,"showFlares":true,"showImageEffects":true,"showParticleSystems":true},"in2DMode":false,"pivot":{"x":-0.03906668350100517,"y":-0.2955078184604645,"z":-0.23860689997673036},"rotation":{"x":0.745906412601471,"y":-0.019966697320342065,"z":0.022384077310562135,"w":0.6653761863708496},"size":5.340673446655273,"orthographic":true}