{"cameraMode":{"drawMode":0,"name":"Shaded","section":"Shading Mode"},"sceneLighting":false,"audioPlay":false,"sceneViewState":{"showFog":true,"showMaterialUpdate":false,"showSkybox":false,"showFlares":true,"showImageEffects":true,"showParticleSystems":true},"in2DMode":false,"pivot":{"x":-3.503999948501587,"y":0.5249999761581421,"z":-0.0487898588180542},"rotation":{"x":0.2182914763689041,"y":-0.6768773198127747,"z":0.22145657241344453,"w":0.6671969890594482},"size":4.121048450469971,"orthographic":true}