{"cameraMode":{"drawMode":0,"name":"Shaded","section":"Shading Mode"},"sceneLighting":true,"audioPlay":false,"sceneViewState":{"showFog":true,"showMaterialUpdate":false,"showSkybox":false,"showFlares":true,"showImageEffects":true,"showParticleSystems":true},"in2DMode":false,"pivot":{"x":-0.006813406944274902,"y":0.024439096450805665,"z":0.47427162528038027},"rotation":{"x":-0.05105346441268921,"y":-0.7113382816314697,"z":0.05194548889994621,"w":-0.6990753412246704},"size":2.1227023601531984,"orthographic":true}