{"cameraMode":{"drawMode":0,"name":"Shaded","section":"Shading Mode"},"sceneLighting":false,"audioPlay":false,"sceneViewState":{"showFog":true,"showMaterialUpdate":false,"showSkybox":false,"showFlares":true,"showImageEffects":true,"showParticleSystems":true},"in2DMode":false,"pivot":{"x":474.2000732421875,"y":280.66387939453127,"z":31.475000381469728},"rotation":{"x":0.02098504640161991,"y":-0.035984110087156299,"z":0.0007549330475740135,"w":0.9991350769996643},"size":717.84130859375,"orthographic":true}