{"cameraMode":{"drawMode":0,"name":"Shaded","section":"Shading Mode"},"sceneLighting":true,"audioPlay":false,"sceneViewState":{"showFog":true,"showMaterialUpdate":false,"showSkybox":false,"showFlares":true,"showImageEffects":true,"showParticleSystems":true},"in2DMode":false,"pivot":{"x":-3.4189891815185549,"y":2.384185791015625e-7,"z":42.23623275756836},"rotation":{"x":0.41966694593429568,"y":-0.5791853666305542,"z":0.4696080684661865,"w":0.5175876021385193},"size":28.701515197753908,"orthographic":false}