{"cameraMode":{"drawMode":0,"name":"Shaded","section":"Shading Mode"},"sceneLighting":true,"audioPlay":false,"sceneViewState":{"showFog":true,"showMaterialUpdate":false,"showSkybox":true,"showFlares":true,"showImageEffects":true,"showParticleSystems":true},"in2DMode":false,"pivot":{"x":-12.830352783203125,"y":2.158878803253174,"z":-199.31881713867188},"rotation":{"x":-0.48265472054481509,"y":-0.009705174714326859,"z":0.005336744245141745,"w":-0.875775933265686},"size":44.395721435546878,"orthographic":false}