{"cameraMode":{"drawMode":0,"name":"Shaded","section":"Shading Mode"},"sceneLighting":false,"audioPlay":false,"sceneViewState":{"showFog":true,"showMaterialUpdate":false,"showSkybox":false,"showFlares":true,"showImageEffects":true,"showParticleSystems":true},"in2DMode":false,"pivot":{"x":-14.86400032043457,"y":1.4901161193847657e-8,"z":0.34965240955352785},"rotation":{"x":-0.15401427447795869,"y":-0.8232629895210266,"z":0.2655302882194519,"w":-0.4775109589099884},"size":2.386174440383911,"orthographic":true}