{"cameraMode":{"drawMode":0,"name":"Shaded","section":"Shading Mode"},"sceneLighting":true,"audioPlay":false,"sceneViewState":{"showFog":true,"showMaterialUpdate":false,"showSkybox":false,"showFlares":true,"showImageEffects":true,"showParticleSystems":true},"in2DMode":false,"pivot":{"x":-0.35873889923095705,"y":-0.5694971084594727,"z":0.8863940238952637},"rotation":{"x":0.5173373818397522,"y":0.0869714617729187,"z":-0.05295204371213913,"w":0.8497018814086914},"size":15.102774620056153,"orthographic":false}