{"cameraMode":{"drawMode":0,"name":"Shaded","section":"Shading Mode"},"sceneLighting":true,"audioPlay":false,"sceneViewState":{"showFog":true,"showMaterialUpdate":false,"showSkybox":false,"showFlares":true,"showImageEffects":true,"showParticleSystems":true},"in2DMode":false,"pivot":{"x":-0.06688719987869263,"y":-0.3984375,"z":0.04648960381746292},"rotation":{"x":0.505011796951294,"y":0.11706937849521637,"z":-0.06936538964509964,"w":0.852318286895752},"size":3.178713083267212,"orthographic":true}