{"cameraMode":{"drawMode":0,"name":"Shaded","section":"Shading Mode"},"sceneLighting":true,"audioPlay":false,"sceneViewState":{"showFog":true,"showMaterialUpdate":false,"showSkybox":true,"showFlares":true,"showImageEffects":true,"showParticleSystems":true},"in2DMode":false,"pivot":{"x":-0.7087360620498657,"y":-3.7098546028137209,"z":-2.9426023960113527},"rotation":{"x":0.35553205013275149,"y":-0.4160967469215393,"z":0.1810462921857834,"w":0.8171185851097107},"size":38.8175163269043,"orthographic":false}