{"cameraMode":{"drawMode":0,"name":"Shaded","section":"Shading Mode"},"sceneLighting":true,"audioPlay":false,"sceneViewState":{"showFog":true,"showMaterialUpdate":false,"showSkybox":false,"showFlares":true,"showImageEffects":true,"showParticleSystems":true},"in2DMode":false,"pivot":{"x":0.07803821563720703,"y":0.05819129943847656,"z":-0.6628985404968262},"rotation":{"x":-0.18956153094768525,"y":-0.3384020924568176,"z":0.06979849189519882,"w":-0.9190791845321655},"size":7.744618892669678,"orthographic":true}