{"cameraMode":{"drawMode":0,"name":"Shaded","section":"Shading Mode"},"sceneLighting":true,"audioPlay":false,"sceneViewState":{"showFog":true,"showMaterialUpdate":false,"showSkybox":true,"showFlares":true,"showImageEffects":true,"showParticleSystems":true},"in2DMode":false,"pivot":{"x":-2.103059768676758,"y":5.947940826416016,"z":-6.634705543518066},"rotation":{"x":0.5125030875205994,"y":-0.20031099021434785,"z":0.12433028966188431,"w":0.8256864547729492},"size":23.213645935058595,"orthographic":true}