{"cameraMode":{"drawMode":0,"name":"Shaded","section":"Shading Mode"},"sceneLighting":false,"audioPlay":false,"sceneViewState":{"showFog":true,"showMaterialUpdate":false,"showSkybox":true,"showFlares":true,"showImageEffects":true,"showParticleSystems":true},"in2DMode":false,"pivot":{"x":1.2875511646270753,"y":0.8432453870773315,"z":0.38658657670021059},"rotation":{"x":-0.03821753337979317,"y":-0.9617515802383423,"z":0.18785597383975984,"w":-0.19566164910793305},"size":5.86152458190918,"orthographic":true}