{"cameraMode":{"drawMode":0,"name":"Shaded","section":"Shading Mode"},"sceneLighting":false,"audioPlay":false,"sceneViewState":{"showFog":true,"showMaterialUpdate":false,"showSkybox":true,"showFlares":true,"showImageEffects":true,"showParticleSystems":true},"in2DMode":false,"pivot":{"x":0.674431324005127,"y":-0.4514918327331543,"z":-3.548523187637329},"rotation":{"x":0.4811326563358307,"y":-0.4131023585796356,"z":0.27504298090934756,"w":0.7226483821868897},"size":7.098389148712158,"orthographic":false}