{"cameraMode":{"drawMode":0,"name":"Shaded","section":"Shading Mode"},"sceneLighting":false,"audioPlay":false,"sceneViewState":{"showFog":true,"showMaterialUpdate":false,"showSkybox":false,"showFlares":true,"showImageEffects":true,"showParticleSystems":true},"in2DMode":false,"pivot":{"x":0.007645383942872286,"y":-0.07692045718431473,"z":0.06535273790359497},"rotation":{"x":0.13149768114089967,"y":-0.8684899806976318,"z":0.3352566361427307,"w":0.34065479040145876},"size":0.8334521651268005,"orthographic":false}