{"cameraMode":{"drawMode":0,"name":"Shaded","section":"Shading Mode"},"sceneLighting":true,"audioPlay":false,"sceneViewState":{"showFog":true,"showMaterialUpdate":false,"showSkybox":false,"showFlares":true,"showImageEffects":true,"showParticleSystems":true},"in2DMode":false,"pivot":{"x":-0.006813406944274902,"y":0.024439096450805665,"z":0.47427162528038027},"rotation":{"x":0.06278257071971894,"y":-0.9371389746665955,"z":0.2361963540315628,"w":0.2490943968296051},"size":1.7768315076828004,"orthographic":true}