{"cameraMode":{"drawMode":0,"name":"Shaded","section":"Shading Mode"},"sceneLighting":true,"audioPlay":false,"sceneViewState":{"showFog":true,"showMaterialUpdate":false,"showSkybox":false,"showFlares":true,"showImageEffects":true,"showParticleSystems":true},"in2DMode":false,"pivot":{"x":-14.116246223449707,"y":0.9974377751350403,"z":-4.373502731323242},"rotation":{"x":0.250681608915329,"y":0.2680791914463043,"z":-0.07246290147304535,"w":0.9273876547813416},"size":2.132974624633789,"orthographic":true}