{"cameraMode":{"drawMode":0,"name":"Shaded","section":"Shading Mode"},"sceneLighting":true,"audioPlay":false,"sceneViewState":{"showFog":true,"showMaterialUpdate":false,"showSkybox":true,"showFlares":true,"showImageEffects":true,"showParticleSystems":true},"in2DMode":false,"pivot":{"x":0.12345533818006516,"y":0.02915167808532715,"z":0.10681474208831787},"rotation":{"x":0.32772794365882876,"y":-0.5403001308441162,"z":0.24031440913677216,"w":0.7368435263633728},"size":2.347029209136963,"orthographic":false}