{"cameraMode":{"drawMode":0,"name":"Shaded","section":"Shading Mode"},"sceneLighting":true,"audioPlay":false,"sceneViewState":{"showFog":true,"showMaterialUpdate":false,"showSkybox":false,"showFlares":true,"showImageEffects":true,"showParticleSystems":true},"in2DMode":false,"pivot":{"x":0.21371299028396607,"y":24.52471351623535,"z":0.4611636698246002},"rotation":{"x":0.2546366751194,"y":-0.4713033139705658,"z":0.144243523478508,"w":0.8320042490959168},"size":4.533447742462158,"orthographic":false}