{"cameraMode":{"drawMode":0,"name":"Shaded","section":"Shading Mode"},"sceneLighting":true,"audioPlay":false,"sceneViewState":{"showFog":true,"showMaterialUpdate":false,"showSkybox":true,"showFlares":true,"showImageEffects":true,"showParticleSystems":true},"in2DMode":false,"pivot":{"x":-29.675167083740236,"y":-37.616966247558597,"z":-317.8258361816406},"rotation":{"x":-0.2825950086116791,"y":0.06155180186033249,"z":-0.01814572885632515,"w":-0.9571115374565125},"size":409.233154296875,"orthographic":false}