{"cameraMode":{"drawMode":0,"name":"Shaded","section":"Shading Mode"},"sceneLighting":true,"audioPlay":false,"sceneViewState":{"showFog":true,"showMaterialUpdate":false,"showSkybox":false,"showFlares":true,"showImageEffects":true,"showParticleSystems":true},"in2DMode":false,"pivot":{"x":-22.871395111083986,"y":0.0,"z":5.28824520111084},"rotation":{"x":0.6483041048049927,"y":0.07453285157680512,"z":-0.06399878114461899,"w":0.7550182938575745},"size":52.988075256347659,"orthographic":true}