{"cameraMode":{"drawMode":0,"name":"Shaded","section":"Shading Mode"},"sceneLighting":false,"audioPlay":false,"sceneViewState":{"showFog":true,"showMaterialUpdate":false,"showSkybox":false,"showFlares":true,"showImageEffects":true,"showParticleSystems":true},"in2DMode":false,"pivot":{"x":0.08146865665912628,"y":1.0506662130355836,"z":-0.03637731075286865},"rotation":{"x":0.6643416285514832,"y":0.00088584452169016,"z":-0.0007861933554522693,"w":0.7474430203437805},"size":1.609060287475586,"orthographic":false}