{"cameraMode":{"drawMode":0,"name":"Shaded","section":"Shading Mode"},"sceneLighting":false,"audioPlay":false,"sceneViewState":{"showFog":true,"showMaterialUpdate":false,"showSkybox":false,"showFlares":true,"showImageEffects":true,"showParticleSystems":true},"in2DMode":false,"pivot":{"x":-14.86400032043457,"y":0.0,"z":0.36000001430511477},"rotation":{"x":0.017372505739331247,"y":-0.9674242734909058,"z":0.24290642142295838,"w":0.06919030845165253},"size":2.586503505706787,"orthographic":true}