{"cameraMode":{"drawMode":0,"name":"Shaded","section":"Shading Mode"},"sceneLighting":true,"audioPlay":false,"sceneViewState":{"showFog":true,"showMaterialUpdate":false,"showSkybox":false,"showFlares":true,"showImageEffects":true,"showParticleSystems":true},"in2DMode":false,"pivot":{"x":0.21371299028396607,"y":24.52471351623535,"z":0.4611636698246002},"rotation":{"x":0.3641127347946167,"y":-0.5558174252510071,"z":0.2946840226650238,"w":0.6867707967758179},"size":7.974912643432617,"orthographic":false}