{"cameraMode":{"drawMode":0,"name":"Shaded","section":"Shading Mode"},"sceneLighting":true,"audioPlay":false,"sceneViewState":{"showFog":true,"showMaterialUpdate":false,"showSkybox":false,"showFlares":true,"showImageEffects":true,"showParticleSystems":true},"in2DMode":false,"pivot":{"x":0.154541015625,"y":0.07937559485435486,"z":0.35733625292778017},"rotation":{"x":0.1636008322238922,"y":-0.08777579665184021,"z":0.014615747146308422,"w":0.9825054407119751},"size":0.6330354809761047,"orthographic":true}